aggregate_identifier,sequence_number,user
x,0,8f26d6fe2a
x,1,8f26d6fe2a
x,2,8f26d6fe2a
x,3,8f26d6fe2a
x,4,8f26d6fe2a
x,5,8f26d6fe2a
x,6,8f26d6fe2a
x,7,8f26d6fe2a
x,8,8f26d6fe2a
x,9,8f26d6fe2a
x,10,ff108ea1c0
x,11,ff108ea1c0
x,12,ff108ea1c0
x,13,ff108ea1c0
x,14,ff108ea1c0
x,15,ff108ea1c0
x,16,8f26d6fe2a
x,17,ff108ea1c0
x,18,ff108ea1c0
x,19,8f26d6fe2a
x,20,ff108ea1c0
x,21,ff108ea1c0
x,22,ff108ea1c0
x,23,207f5c1d8a
x,24,207f5c1d8a
x,25,207f5c1d8a
x,26,8f26d6fe2a
x,27,207f5c1d8a
x,28,207f5c1d8a
x,29,207f5c1d8a
x,30,ff108ea1c0
x,31,8f26d6fe2a
x,32,8f26d6fe2a
x,33,207f5c1d8a
x,34,207f5c1d8a
x,35,8cf2283ad6
x,36,8cf2283ad6
x,37,8cf2283ad6
x,38,ff108ea1c0
x,39,207f5c1d8a
x,40,207f5c1d8a
x,41,8cf2283ad6
x,42,207f5c1d8a
x,43,207f5c1d8a
x,44,8cf2283ad6
x,45,8cf2283ad6
x,46,8cf2283ad6
x,47,8cf2283ad6
x,48,207f5c1d8a
x,49,8cf2283ad6
x,50,207f5c1d8a
x,51,8cf2283ad6
x,52,8cf2283ad6
x,53,8cf2283ad6
x,54,0489885cf1
x,55,0489885cf1
x,56,0489885cf1
x,57,0489885cf1
x,58,0489885cf1
x,59,0489885cf1
x,60,0489885cf1
x,61,0489885cf1
x,62,0489885cf1
x,63,0489885cf1
x,64,0489885cf1
x,65,0489885cf1
x,66,0489885cf1
x,67,0489885cf1
x,68,0489885cf1
x,69,0489885cf1
x,70,0489885cf1
x,71,0489885cf1
x,72,0489885cf1
x,73,0489885cf1
x,74,0489885cf1
x,75,8f26d6fe2a
x,76,8f26d6fe2a
x,77,8f26d6fe2a
x,78,8f26d6fe2a
x,79,8f26d6fe2a
x,80,8f26d6fe2a
y,0,6663103a3e
y,1,f250fb60fc
y,2,f250fb60fc
y,3,6663103a3e
y,4,f250fb60fc
y,5,95474ef85f
y,6,6663103a3e
y,7,6663103a3e
y,8,ee425df985
y,9,f250fb60fc
y,10,ee425df985
y,11,95474ef85f
y,12,f250fb60fc
y,13,f250fb60fc
y,14,95474ef85f
y,15,95474ef85f
y,16,95474ef85f
y,17,95474ef85f
y,18,95474ef85f
y,19,95474ef85f
y,20,95474ef85f
y,21,95474ef85f
y,22,95474ef85f
y,23,95474ef85f
y,24,ee425df985
y,25,f250fb60fc
y,26,f250fb60fc
y,27,95474ef85f
y,28,52c29455d0
y,29,52c29455d0
y,30,52c29455d0
y,31,52c29455d0
y,32,52c29455d0
y,33,ee425df985
y,34,ee425df985
y,35,ee425df985
y,36,ee425df985
y,37,52c29455d0
y,38,52c29455d0
y,39,52c29455d0
z,0,dc5f8effd9
z,1,33129567e0
z,2,3c42d9ac98
z,3,3c42d9ac98
z,4,3c42d9ac98
z,5,dc5f8effd9
z,6,3c42d9ac98
z,7,33129567e0
z,8,33129567e0
z,9,dc5f8effd9
z,10,dc5f8effd9
z,11,dc5f8effd9
z,12,dc5f8effd9
z,13,dc5f8effd9
z,14,dc5f8effd9
z,15,dc5f8effd9
z,16,dc5f8effd9
z,17,d5787cd36c
z,18,d5787cd36c
z,19,d5787cd36c
z,20,dc5f8effd9
z,21,33129567e0
z,22,dc5f8effd9
z,23,33129567e0
z,24,3c42d9ac98
z,25,3c42d9ac98
z,26,3c42d9ac98
z,27,3c42d9ac98
z,28,ed3cb1d12f
z,29,dc5f8effd9
z,30,dc5f8effd9
z,31,dc5f8effd9
z,32,dc5f8effd9
z,33,8eb57adf4e
z,34,8eb57adf4e
z,35,8eb57adf4e
z,36,8eb57adf4e
z,37,d5787cd36c
z,38,d5787cd36c
z,39,8f11221310
z,40,8f11221310
z,41,8f11221310
z,42,8f11221310
z,43,3c42d9ac98
z,44,3c42d9ac98
z,45,3c42d9ac98
z,46,dc5f8effd9
z,47,3c42d9ac98
z,48,3c42d9ac98
z,49,8f11221310
z,50,33129567e0
z,51,33129567e0
z,52,33129567e0
z,53,33129567e0
z,54,33129567e0
z,55,3c42d9ac98
z,56,3c42d9ac98
